Cohort;Weight 24m (kg);Height 24m (cm);birth weight (g);Birth length (cm);Gestational age (weeks);Male;Female;Maternal pre-pregnancy BMI;Prenatal PCB-153;sd;Postnatal PCB-153;sd;Prenatal p,p’-DDE;sd;Postnatal p,p’-DDE;sd;change in weight (g);change in length (cm);change in PCB-153;change in p,p'DDE;weight/length 24m g/cm;birth weight/length g/cm
Duisburg;13.56;87.4;3.46;52;40;108;114;23;63.6;45.9;126.1;98.8;141.4;205.1;255.3;287.6;1352.54;35.4;62.5;113.9;155.1487414;0.066538462
ELFE;12;87.6;3.34;49;40;18;17;21.5;92.6;41.9;301.1;133;0;0;0;0;1196.66;38.6;208.5;0;136.9863014;0.068163265
FLEHSl;12.53;88;3.383;50.7;40;72;62;22.4;54;38.4;66.5;69.6;214.7;244.5;272.6;412.9;1249.617;37.3;12.5;57.9;142.3863636;0.066725838
GRD;13.21;88.6;3.5;52.5;40;322;266;22.1;184.7;72.9;280.4;152;0;0;0;0;1317.5;36.1;95.7;0;149.0970655;0.066666667
HUMIS;12.19;86.3;3.68;51;40;203;195;23.3;36.4;17.1;104.7;52.2;63.4;94.8;177.3;236.9;1215.32;35.3;68.3;113.9;141.2514484;0.072156863
Mihcalovce;13.66;86.2;3.37;50;40;477;459;21.2;164.4;219.2;292.4;425.4;540.5;459;954.3;1032.8;1362.63;36.2;128;413.8;158.4686775;0.0674
PELAGIE;12.39;87.5;3.37;50;40;92;79;21.9;43;31.5;48.3;55.9;73.5;74.4;75.7;99.8;1235.63;37.5;5.3;2.2;141.6;0.0674
